,count,mean,std,min,25%,50%,75%,max,median,1st_quartile,3rd_quartile
Child_seat_sales,400.0,7.496325000000001,2.824115048806837,0.0,5.390000000000001,7.49,9.32,16.27,7.49,5.390000000000001,9.32
Competitor_price,400.0,124.975,15.334511505351887,77.0,115.0,125.0,135.0,175.0,125.0,115.0,135.0
Regional_income_level,400.0,68.6575,27.986036506593265,21.0,42.75,69.0,91.0,120.0,69.0,42.75,91.0
Regional_advertising_investment,400.0,6.635,6.650364152314968,0.0,0.0,5.0,12.0,29.0,5.0,0.0,12.0
Regional_population,400.0,264.84,147.37643615869226,10.0,139.0,272.0,398.5,509.0,272.0,139.0,398.5
Regional_pricing,400.0,115.795,23.676664378459765,24.0,100.0,117.0,131.0,191.0,117.0,100.0,131.0
Regional_mean_age,400.0,53.3225,16.200296842789214,25.0,39.75,54.5,66.0,80.0,54.5,39.75,66.0
Regional_years_of_education,400.0,13.9,2.6205281757308962,10.0,12.0,14.0,16.0,18.0,14.0,12.0,16.0
